[
    {
        "id": "59c85fa6c4e9d3af",
        "type": "tab",
        "label": "Flujo 1",
        "disabled": false,
        "info": "",
        "env": []
    },
    {
        "id": "641b54fd95ed03ed",
        "type": "mqtt-broker",
        "name": "mosquitto",
        "broker": "mosquitto",
        "port": 1883,
        "clientid": "",
        "autoConnect": true,
        "usetls": false,
        "protocolVersion": 4,
        "keepalive": 60,
        "cleansession": true,
        "autoUnsubscribe": true,
        "birthTopic": "",
        "birthQos": "0",
        "birthRetain": "false",
        "birthPayload": "",
        "birthMsg": {},
        "closeTopic": "",
        "closeQos": "0",
        "closeRetain": "false",
        "closePayload": "",
        "closeMsg": {},
        "willTopic": "",
        "willQos": "0",
        "willRetain": "false",
        "willPayload": "",
        "willMsg": {},
        "userProps": "",
        "sessionExpiry": ""
    },
    {
        "id": "e63793f657e1482d",
        "type": "mqtt-broker",
        "name": "Local Mosquitto",
        "broker": "mosquitto",
        "port": "1883",
        "clientid": "nodered-sub-telemetry",
        "autoConnect": true,
        "usetls": false,
        "protocolVersion": "5",
        "keepalive": "60",
        "cleansession": false,
        "autoUnsubscribe": true,
        "birthTopic": "",
        "birthQos": "0",
        "birthPayload": "",
        "birthMsg": {},
        "closeTopic": "",
        "closePayload": "",
        "closeMsg": {},
        "willTopic": "",
        "willQos": "0",
        "willPayload": "",
        "willMsg": {},
        "userProps": "",
        "sessionExpiry": ""
    },
    {
        "id": "ca63fbfd1fdc7f1a",
        "type": "mqtt in",
        "z": "59c85fa6c4e9d3af",
        "name": "MQTT Telemetría",
        "topic": "greendelivery/trackers/telemetry",
        "qos": "1",
        "datatype": "auto",
        "broker": "641b54fd95ed03ed",
        "nl": false,
        "rap": false,
        "rh": 0,
        "inputs": 0,
        "x": 100,
        "y": 320,
        "wires": [
            [
                "510258cd61b348be"
            ]
        ]
    },
    {
        "id": "510258cd61b348be",
        "type": "function",
        "z": "59c85fa6c4e9d3af",
        "name": "Validar JSON",
        "func": "let p;\ntry{ p = (typeof msg.payload==='string') ? JSON.parse(msg.payload) : msg.payload; }catch(e){ return [null,{error:'INVALID_JSON',raw:msg.payload}]; }\nconst errs=[];\nfunction reqNum(k){ if(typeof p[k] !== 'number') errs.push(k); }\nfunction reqStr(k){ if(typeof p[k] !== 'string') errs.push(k); }\n['seq','temperature_c','humidity_pct','g_force','vibration_rms','tilt_deg','gps_lat','gps_lon','speed_kmh'].forEach(reqNum);\n['package_id','timestamp_emitted'].forEach(reqStr);\nif(errs.length){ return [null,{error:'SCHEMA_ERROR',fields:errs,raw:p}]; }\n// sello de tiempo de Node-RED para medir latencia\np.node_red_received_at = new Date().toISOString();\nmsg.payload = p;\nreturn [msg,null];",
        "outputs": 2,
        "x": 310,
        "y": 320,
        "wires": [
            [
                "898fd68b19b7c7aa"
            ],
            [
                "261354da640690b5"
            ]
        ]
    },
    {
        "id": "a373aba00d1524ca",
        "type": "function",
        "z": "59c85fa6c4e9d3af",
        "name": "Preparar HTTP",
        "func": "msg.headers = { 'Content-Type':'application/json' };\n// IMPORTANTE: como Node-RED y la API están en Docker, usa el nombre del servicio\nmsg.url = 'http://ingest_api:8000/ingest';\nmsg.method='POST';\nmsg.payload = JSON.stringify(msg.payload);\nreturn msg;",
        "outputs": 1,
        "x": 540,
        "y": 320,
        "wires": [
            [
                "2eda7f088b7aeb2e"
            ]
        ]
    },
    {
        "id": "2eda7f088b7aeb2e",
        "type": "http request",
        "z": "59c85fa6c4e9d3af",
        "name": "POST /ingest (retry)",
        "method": "use",
        "ret": "txt",
        "paytoqs": "ignore",
        "url": "",
        "tls": "",
        "persist": true,
        "proxy": "",
        "authType": "",
        "senderr": true,
        "x": 790,
        "y": 320,
        "wires": [
            [
                "f6dcc258aa2a29d4"
            ]
        ]
    },
    {
        "id": "f6dcc258aa2a29d4",
        "type": "function",
        "z": "59c85fa6c4e9d3af",
        "name": "¿OK o reintento?",
        "func": "const sc = msg.statusCode;\nif (sc>=200 && sc<300){ node.status({fill:'green',shape:'dot',text:'OK '+sc}); return [msg,null,null]; }\nif (sc===429 || (sc>=500 && sc<600)){\n  msg.attempt = (msg.attempt||0)+1;\n  const delay = Math.min(30000, 1000*Math.pow(2,msg.attempt));\n  node.status({fill:'yellow',shape:'ring',text:'Retry '+msg.attempt+' en '+delay+'ms'});\n  msg.delay = delay; return [null,msg,null];\n}\nnode.status({fill:'red',shape:'ring',text:'Error '+sc});\nreturn [null,null,{error:'HTTP_ERROR',statusCode:sc,body:msg.payload}];",
        "outputs": 3,
        "x": 1000,
        "y": 320,
        "wires": [
            [
                "5542bdee2a7f705b"
            ],
            [
                "cdf4486b72bcebde"
            ],
            [
                "261354da640690b5"
            ]
        ]
    },
    {
        "id": "cdf4486b72bcebde",
        "type": "delay",
        "z": "59c85fa6c4e9d3af",
        "name": "Backoff",
        "pauseType": "delayv",
        "timeout": "5",
        "timeoutUnits": "seconds",
        "rate": "1",
        "nbRateUnits": "1",
        "rateUnits": "second",
        "outputs": 1,
        "x": 1180,
        "y": 320,
        "wires": [
            [
                "62a00e5294e1c496"
            ]
        ]
    },
    {
        "id": "62a00e5294e1c496",
        "type": "link out",
        "z": "59c85fa6c4e9d3af",
        "name": "Retry HTTP",
        "mode": "link",
        "links": [
            "b80b6d70cf2c2f70"
        ],
        "x": 1340,
        "y": 320,
        "wires": []
    },
    {
        "id": "b80b6d70cf2c2f70",
        "type": "link in",
        "z": "59c85fa6c4e9d3af",
        "name": "",
        "links": [
            "62a00e5294e1c496"
        ],
        "x": 690,
        "y": 380,
        "wires": [
            [
                "2eda7f088b7aeb2e"
            ]
        ]
    },
    {
        "id": "5542bdee2a7f705b",
        "type": "debug",
        "z": "59c85fa6c4e9d3af",
        "name": "OK",
        "active": true,
        "tosidebar": true,
        "console": false,
        "complete": "true",
        "targetType": "full",
        "x": 1160,
        "y": 280,
        "wires": []
    },
    {
        "id": "261354da640690b5",
        "type": "debug",
        "z": "59c85fa6c4e9d3af",
        "name": "Inválido/Error",
        "active": true,
        "tosidebar": true,
        "console": false,
        "complete": "true",
        "targetType": "full",
        "x": 1190,
        "y": 360,
        "wires": []
    },
    {
        "id": "898fd68b19b7c7aa",
        "type": "function",
        "z": "59c85fa6c4e9d3af",
        "name": "Deteccion de incidente",
        "func": "const N = 5;\n\nconst p = msg.payload;\n\nconst bad = (p.temperature_c > 8.0) || (p.g_force > 2.5);\n\nlet counts = context.get('counts') || {};  // { id_paquete: contador }\n\nconst pkg = p.package_id;\nlet streak = counts[pkg] || 0;\n\nif (bad) {\n    streak += 1;\n} else {\n    streak = 0;\n}\n\ncounts[pkg] = streak;\ncontext.set('counts', counts);\n\np.alert = (streak >= N) ? 1 : 0;\n\np.streak = streak;\n\nmsg.payload = p;\n\nreturn msg;\n",
        "outputs": 1,
        "timeout": 0,
        "noerr": 0,
        "initialize": "",
        "finalize": "",
        "libs": [],
        "x": 320,
        "y": 420,
        "wires": [
            [
                "1853390bb874fe47",
                "a373aba00d1524ca"
            ]
        ]
    },
    {
        "id": "1853390bb874fe47",
        "type": "debug",
        "z": "59c85fa6c4e9d3af",
        "name": "debug 2",
        "active": true,
        "tosidebar": true,
        "console": false,
        "tostatus": false,
        "complete": "payload",
        "targetType": "msg",
        "statusVal": "",
        "statusType": "auto",
        "x": 540,
        "y": 420,
        "wires": []
    }
]